snpID,none,af_100k,af_500k,af_6.0,af_axiompel,af_chb1,af_chb2,af_limaa,il_1M,il_610Quad,il_660Quad,il_core_exome,il_megaex38,il_ominiZhongHua,il_omni1,il_omni2.5,il_omni5,il_omniExpress0,il_omniExpress1,il_omniExpress2
10:8735229:G:T,N,,,,,,,10:8777192,,,,,,,,,,,,
15:57418934:T:C,N,,,,,,,,,,,,,kgp4719782,,kgp4719782,kgp4719782,,,
17:14155330:A:G,N,,,,,,,17:14058647,,,,,,kgp4230814,,kgp4230814,kgp4230814,,,
1:238410582:T:C,N,,,,,,,1:238573882,,,,,JHU_1.238573881,,,,,,,
3:75816219:T:G,N,,,,,,,,,,,,JHU_3.75865369,,,,,,,
4:139801643:G:T,N,,,,,,,4:140722797,,,,,,,,,,,,
10:42089385:C:G,Y,,,,,,,,,,,,,,,,,,,
10:95079377:G:A,Y,,,,,,,,,,,,,,,,,,,
12:131395697:A:T,Y,,,,,,,,,,,,,,,,,,,
17:65130128:A:T,Y,,,,,,,,,,,,,,,,,,,
20:30152343:G:A,Y,,,,,,,,,,,,,,,,,,,
22:39566026:A:T,Y,,,,,,,,,,,,,,,,,,,
22:43432220:G:A,Y,,,,,,,,,,,,,,,,,,,
2:66775635:T:G,Y,,,,,,,,,,,,,,,,,,,
3:75816211:A:G,Y,,,,,,,,,,,,,,,,,,,
3:75816280:A:T,Y,,,,,,,,,,,,,,,,,,,
3:75816310:C:A,Y,,,,,,,,,,,,,,,,,,,
3:75816342:A:C,Y,,,,,,,,,,,,,,,,,,,
7:10447922:A:C,Y,,,,,,,,,,,,,,,,,,,
